<?xml version="1.0" encoding="UTF-8"?><rss version="2.0"
	xmlns:content="http://purl.org/rss/1.0/modules/content/"
	xmlns:dc="http://purl.org/dc/elements/1.1/"
	xmlns:atom="http://www.w3.org/2005/Atom"
	xmlns:sy="http://purl.org/rss/1.0/modules/syndication/"
	
	>
<channel>
	<title>
	Comments on: The environmental costs of fast fashion	</title>
	<atom:link href="/index.php/2022/11/24/how-fashion-insiders-are-dressing-for-new-york-fashion-week/feed/" rel="self" type="application/rss+xml" />
	<link>/index.php/2022/11/24/how-fashion-insiders-are-dressing-for-new-york-fashion-week/</link>
	<description></description>
	<lastBuildDate>Thu, 24 Nov 2022 11:39:48 +0000</lastBuildDate>
	<sy:updatePeriod>
	hourly	</sy:updatePeriod>
	<sy:updateFrequency>
	1	</sy:updateFrequency>
	<generator>https://wordpress.org/?v=6.2.2</generator>
</channel>
</rss>
