<?xml version="1.0" encoding="UTF-8"?><rss version="2.0"
	xmlns:content="http://purl.org/rss/1.0/modules/content/"
	xmlns:dc="http://purl.org/dc/elements/1.1/"
	xmlns:atom="http://www.w3.org/2005/Atom"
	xmlns:sy="http://purl.org/rss/1.0/modules/syndication/"
	
	>
<channel>
	<title>
	Comments on: Qatar World Cup Faces New Edict: Hide the Beer	</title>
	<atom:link href="/index.php/2022/11/24/japan-fans-win-praise-for-stadium-cleaning-at-world-cup-2022/feed/" rel="self" type="application/rss+xml" />
	<link>/index.php/2022/11/24/japan-fans-win-praise-for-stadium-cleaning-at-world-cup-2022/</link>
	<description></description>
	<lastBuildDate>Thu, 24 Nov 2022 08:26:57 +0000</lastBuildDate>
	<sy:updatePeriod>
	hourly	</sy:updatePeriod>
	<sy:updateFrequency>
	1	</sy:updateFrequency>
	<generator>https://wordpress.org/?v=6.2.2</generator>
</channel>
</rss>
