<?xml version="1.0" encoding="UTF-8"?><rss version="2.0"
	xmlns:content="http://purl.org/rss/1.0/modules/content/"
	xmlns:wfw="http://wellformedweb.org/CommentAPI/"
	xmlns:dc="http://purl.org/dc/elements/1.1/"
	xmlns:atom="http://www.w3.org/2005/Atom"
	xmlns:sy="http://purl.org/rss/1.0/modules/syndication/"
	xmlns:slash="http://purl.org/rss/1.0/modules/slash/"
	>

<channel>
	<title>admin &#8211; Ytc Online Mills</title>
	<atom:link href="/index.php/author/admin/feed/" rel="self" type="application/rss+xml" />
	<link>/</link>
	<description></description>
	<lastBuildDate>Thu, 24 Nov 2022 12:47:31 +0000</lastBuildDate>
	<language>en-US</language>
	<sy:updatePeriod>
	hourly	</sy:updatePeriod>
	<sy:updateFrequency>
	1	</sy:updateFrequency>
	<generator>https://wordpress.org/?v=6.2.2</generator>

<image>
	<url>/wp-content/uploads/2023/06/ytc-150x100.png</url>
	<title>admin &#8211; Ytc Online Mills</title>
	<link>/</link>
	<width>32</width>
	<height>32</height>
</image> 
	<item>
		<title>Best fashion news of November 2022</title>
		<link>/index.php/2022/11/24/ugly-betty-is-still-the-most-binge-worthy-fashion-show-out-there/</link>
					<comments>/index.php/2022/11/24/ugly-betty-is-still-the-most-binge-worthy-fashion-show-out-there/#respond</comments>
		
		<dc:creator><![CDATA[admin]]></dc:creator>
		<pubDate>Thu, 24 Nov 2022 12:47:31 +0000</pubDate>
				<category><![CDATA[Fashion]]></category>
		<guid isPermaLink="false">https://demo.blazethemes.com/newsmatic-pro-one/?p=49</guid>

					<description><![CDATA[Lorem Ipsum&#160;is simply dummy text of the printing and typesetting industry. Lorem Ipsum has been the industry&#8217;s standard dummy text ever since the 1500s, when an unknown printer took a galley of type and scrambled it to make a type specimen book. It has survived not only five centuries, but also the leap into electronic ... <a title="Best fashion news of November 2022" class="read-more" href="/index.php/2022/11/24/ugly-betty-is-still-the-most-binge-worthy-fashion-show-out-there/" aria-label="More on Best fashion news of November 2022">Read more</a>]]></description>
										<content:encoded><![CDATA[
<p><strong>Lorem Ipsum</strong>&nbsp;is simply dummy text of the printing and typesetting industry. Lorem Ipsum has been the industry&#8217;s standard dummy text ever since the 1500s, when an unknown printer took a galley of type and scrambled it to make a type specimen book. It has survived not only five centuries, but also the leap into electronic typesetting, remaining essentially unchanged. It was popularised in the 1960s with the release of Letraset sheets containing Lorem</p>
]]></content:encoded>
					
					<wfw:commentRss>/index.php/2022/11/24/ugly-betty-is-still-the-most-binge-worthy-fashion-show-out-there/feed/</wfw:commentRss>
			<slash:comments>0</slash:comments>
		
		
			</item>
		<item>
		<title>Ronaldo makes history as Brazil join the party</title>
		<link>/index.php/2022/11/24/manchester-united-co-owner-avram-glazer-confronted-over-cristiano-ronaldo-exit-and-club-sale/</link>
					<comments>/index.php/2022/11/24/manchester-united-co-owner-avram-glazer-confronted-over-cristiano-ronaldo-exit-and-club-sale/#respond</comments>
		
		<dc:creator><![CDATA[admin]]></dc:creator>
		<pubDate>Thu, 24 Nov 2022 12:42:32 +0000</pubDate>
				<category><![CDATA[Sports]]></category>
		<guid isPermaLink="false">https://demo.blazethemes.com/newsmatic-pro-one/?p=46</guid>

					<description><![CDATA[Lorem Ipsum&#160;is simply dummy text of the printing and typesetting industry. Lorem Ipsum has been the industry&#8217;s standard dummy text ever since the 1500s, when an unknown printer took a galley of type and scrambled it to make a type specimen book. It has survived not only five centuries, but also the leap into electronic ... <a title="Ronaldo makes history as Brazil join the party" class="read-more" href="/index.php/2022/11/24/manchester-united-co-owner-avram-glazer-confronted-over-cristiano-ronaldo-exit-and-club-sale/" aria-label="More on Ronaldo makes history as Brazil join the party">Read more</a>]]></description>
										<content:encoded><![CDATA[
<p><strong>Lorem Ipsum</strong>&nbsp;is simply dummy text of the printing and typesetting industry. Lorem Ipsum has been the industry&#8217;s standard dummy text ever since the 1500s, when an unknown printer took a galley of type and scrambled it to make a type specimen book. It has survived not only five centuries, but also the leap into electronic typesetting, remaining essentially unchanged. It was popularised in the 1960s with the release of Letraset sheets containing Lorem</p>
]]></content:encoded>
					
					<wfw:commentRss>/index.php/2022/11/24/manchester-united-co-owner-avram-glazer-confronted-over-cristiano-ronaldo-exit-and-club-sale/feed/</wfw:commentRss>
			<slash:comments>0</slash:comments>
		
		
			</item>
		<item>
		<title>Nasa expects humans to live on Moon this decade</title>
		<link>/index.php/2022/11/24/nasa-to-share-first-results-of-inflatable-heat-shield-technology-test/</link>
					<comments>/index.php/2022/11/24/nasa-to-share-first-results-of-inflatable-heat-shield-technology-test/#respond</comments>
		
		<dc:creator><![CDATA[admin]]></dc:creator>
		<pubDate>Thu, 24 Nov 2022 12:39:44 +0000</pubDate>
				<category><![CDATA[Tech]]></category>
		<guid isPermaLink="false">https://demo.blazethemes.com/newsmatic-pro-one/?p=43</guid>

					<description><![CDATA[Lorem Ipsum&#160;is simply dummy text of the printing and typesetting industry. Lorem Ipsum has been the industry&#8217;s standard dummy text ever since the 1500s, when an unknown printer took a galley of type and scrambled it to make a type specimen book. It has survived not only five centuries, but also the leap into electronic ... <a title="Nasa expects humans to live on Moon this decade" class="read-more" href="/index.php/2022/11/24/nasa-to-share-first-results-of-inflatable-heat-shield-technology-test/" aria-label="More on Nasa expects humans to live on Moon this decade">Read more</a>]]></description>
										<content:encoded><![CDATA[
<p><strong>Lorem Ipsum</strong>&nbsp;is simply dummy text of the printing and typesetting industry. Lorem Ipsum has been the industry&#8217;s standard dummy text ever since the 1500s, when an unknown printer took a galley of type and scrambled it to make a type specimen book. It has survived not only five centuries, but also the leap into electronic typesetting, remaining essentially unchanged. It was popularised in the 1960s with the release of Letraset sheets containing Lorem</p>
]]></content:encoded>
					
					<wfw:commentRss>/index.php/2022/11/24/nasa-to-share-first-results-of-inflatable-heat-shield-technology-test/feed/</wfw:commentRss>
			<slash:comments>0</slash:comments>
		
		
			</item>
		<item>
		<title>How Not to Be a Character in a ‘Bad Fashion Movie’</title>
		<link>/index.php/2022/11/24/how-not-to-be-a-character-in-a-bad-fashion-movie/</link>
					<comments>/index.php/2022/11/24/how-not-to-be-a-character-in-a-bad-fashion-movie/#respond</comments>
		
		<dc:creator><![CDATA[admin]]></dc:creator>
		<pubDate>Thu, 24 Nov 2022 12:36:24 +0000</pubDate>
				<category><![CDATA[Fashion]]></category>
		<guid isPermaLink="false">https://demo.blazethemes.com/newsmatic-pro-one/?p=40</guid>

					<description><![CDATA[Lorem Ipsum is simply dummy text of the printing and typesetting industry. Lorem Ipsum has been the industry&#8217;s standard dummy text ever since the 1500s, when an unknown printer took a galley of type and scrambled it to make a type specimen book. It has survived not only five centuries, but also the leap into electronic ... <a title="How Not to Be a Character in a ‘Bad Fashion Movie’" class="read-more" href="/index.php/2022/11/24/how-not-to-be-a-character-in-a-bad-fashion-movie/" aria-label="More on How Not to Be a Character in a ‘Bad Fashion Movie’">Read more</a>]]></description>
										<content:encoded><![CDATA[
<p><strong>Lorem Ipsum</strong> is simply dummy text of the printing and typesetting industry. Lorem Ipsum has been the industry&#8217;s standard dummy text ever since the 1500s, when an unknown printer took a galley of type and scrambled it to make a type specimen book. It has survived not only five centuries, but also the leap into electronic typesetting, remaining essentially unchanged. It was popularised in the 1960s with the release of Letraset sheets containing Lorem</p>
]]></content:encoded>
					
					<wfw:commentRss>/index.php/2022/11/24/how-not-to-be-a-character-in-a-bad-fashion-movie/feed/</wfw:commentRss>
			<slash:comments>0</slash:comments>
		
		
			</item>
		<item>
		<title>How Sugar and Sedentary Lifestyle Affects Men</title>
		<link>/index.php/2022/11/24/all-the-lifestyle-wellbeing-products-we-tried-loved-in-november/</link>
					<comments>/index.php/2022/11/24/all-the-lifestyle-wellbeing-products-we-tried-loved-in-november/#respond</comments>
		
		<dc:creator><![CDATA[admin]]></dc:creator>
		<pubDate>Thu, 24 Nov 2022 12:31:09 +0000</pubDate>
				<category><![CDATA[Lifestyle]]></category>
		<guid isPermaLink="false">https://demo.blazethemes.com/newsmatic-pro-one/?p=37</guid>

					<description><![CDATA[Lorem Ipsum&#160;is simply dummy text of the printing and typesetting industry. Lorem Ipsum has been the industry&#8217;s standard dummy text ever since the 1500s, when an unknown printer took a galley of type and scrambled it to make a type specimen book. It has survived not only five centuries, but also the leap into electronic ... <a title="How Sugar and Sedentary Lifestyle Affects Men" class="read-more" href="/index.php/2022/11/24/all-the-lifestyle-wellbeing-products-we-tried-loved-in-november/" aria-label="More on How Sugar and Sedentary Lifestyle Affects Men">Read more</a>]]></description>
										<content:encoded><![CDATA[
<p><strong>Lorem Ipsum</strong>&nbsp;is simply dummy text of the printing and typesetting industry. Lorem Ipsum has been the industry&#8217;s standard dummy text ever since the 1500s, when an unknown printer took a galley of type and scrambled it to make a type specimen book. It has survived not only five centuries, but also the leap into electronic typesetting, remaining essentially unchanged. It was popularised in the 1960s with the release of Letraset sheets containing Lorem</p>
]]></content:encoded>
					
					<wfw:commentRss>/index.php/2022/11/24/all-the-lifestyle-wellbeing-products-we-tried-loved-in-november/feed/</wfw:commentRss>
			<slash:comments>0</slash:comments>
		
		
			</item>
		<item>
		<title>Simple lifestyle changes that will help reduce stress</title>
		<link>/index.php/2022/11/24/simple-lifestyle-changes-that-will-help-reduce-stress-naturally/</link>
					<comments>/index.php/2022/11/24/simple-lifestyle-changes-that-will-help-reduce-stress-naturally/#respond</comments>
		
		<dc:creator><![CDATA[admin]]></dc:creator>
		<pubDate>Thu, 24 Nov 2022 12:26:53 +0000</pubDate>
				<category><![CDATA[Health]]></category>
		<guid isPermaLink="false">https://demo.blazethemes.com/newsmatic-pro-one/?p=34</guid>

					<description><![CDATA[Lorem Ipsum&#160;is simply dummy text of the printing and typesetting industry. Lorem Ipsum has been the industry&#8217;s standard dummy text ever since the 1500s, when an unknown printer took a galley of type and scrambled it to make a type specimen book. It has survived not only five centuries, but also the leap into electronic ... <a title="Simple lifestyle changes that will help reduce stress" class="read-more" href="/index.php/2022/11/24/simple-lifestyle-changes-that-will-help-reduce-stress-naturally/" aria-label="More on Simple lifestyle changes that will help reduce stress">Read more</a>]]></description>
										<content:encoded><![CDATA[
<p><strong>Lorem Ipsum</strong>&nbsp;is simply dummy text of the printing and typesetting industry. Lorem Ipsum has been the industry&#8217;s standard dummy text ever since the 1500s, when an unknown printer took a galley of type and scrambled it to make a type specimen book. It has survived not only five centuries, but also the leap into electronic typesetting, remaining essentially unchanged. It was popularised in the 1960s with the release of Letraset sheets containing Lorem</p>
]]></content:encoded>
					
					<wfw:commentRss>/index.php/2022/11/24/simple-lifestyle-changes-that-will-help-reduce-stress-naturally/feed/</wfw:commentRss>
			<slash:comments>0</slash:comments>
		
		
			</item>
		<item>
		<title>Why daily exposure to sunlight is good for your health</title>
		<link>/index.php/2022/11/24/why-daily-exposure-to-sunlight-is-good-for-your-health/</link>
					<comments>/index.php/2022/11/24/why-daily-exposure-to-sunlight-is-good-for-your-health/#respond</comments>
		
		<dc:creator><![CDATA[admin]]></dc:creator>
		<pubDate>Thu, 24 Nov 2022 12:13:40 +0000</pubDate>
				<category><![CDATA[Health]]></category>
		<guid isPermaLink="false">https://demo.blazethemes.com/newsmatic-pro-one/?p=31</guid>

					<description><![CDATA[Lorem Ipsum is simply dummy text of the printing and typesetting industry. Lorem Ipsum has been the industry&#8217;s standard dummy text ever since the 1500s, when an unknown printer took a galley of type and scrambled it to make a type specimen book. It has survived not only five centuries, but also the leap into electronic ... <a title="Why daily exposure to sunlight is good for your health" class="read-more" href="/index.php/2022/11/24/why-daily-exposure-to-sunlight-is-good-for-your-health/" aria-label="More on Why daily exposure to sunlight is good for your health">Read more</a>]]></description>
										<content:encoded><![CDATA[
<p><strong>Lorem Ipsum</strong> is simply dummy text of the printing and typesetting industry. Lorem Ipsum has been the industry&#8217;s standard dummy text ever since the 1500s, when an unknown printer took a galley of type and scrambled it to make a type specimen book. It has survived not only five centuries, but also the leap into electronic typesetting, remaining essentially unchanged. It was popularised in the 1960s with the release of Letraset sheets containing Lorem</p>
]]></content:encoded>
					
					<wfw:commentRss>/index.php/2022/11/24/why-daily-exposure-to-sunlight-is-good-for-your-health/feed/</wfw:commentRss>
			<slash:comments>0</slash:comments>
		
		
			</item>
		<item>
		<title>WHO warns of oral disease: Top health stories this week</title>
		<link>/index.php/2022/11/24/medicaid-expansion-improves-hypertension-and-diabetes-control/</link>
					<comments>/index.php/2022/11/24/medicaid-expansion-improves-hypertension-and-diabetes-control/#respond</comments>
		
		<dc:creator><![CDATA[admin]]></dc:creator>
		<pubDate>Thu, 24 Nov 2022 12:10:59 +0000</pubDate>
				<category><![CDATA[Health]]></category>
		<guid isPermaLink="false">https://demo.blazethemes.com/newsmatic-pro-one/?p=28</guid>

					<description><![CDATA[Lorem Ipsum&#160;is simply dummy text of the printing and typesetting industry. Lorem Ipsum has been the industry&#8217;s standard dummy text ever since the 1500s, when an unknown printer took a galley of type and scrambled it to make a type specimen book. It has survived not only five centuries, but also the leap into electronic ... <a title="WHO warns of oral disease: Top health stories this week" class="read-more" href="/index.php/2022/11/24/medicaid-expansion-improves-hypertension-and-diabetes-control/" aria-label="More on WHO warns of oral disease: Top health stories this week">Read more</a>]]></description>
										<content:encoded><![CDATA[
<p><strong>Lorem Ipsum</strong>&nbsp;is simply dummy text of the printing and typesetting industry. Lorem Ipsum has been the industry&#8217;s standard dummy text ever since the 1500s, when an unknown printer took a galley of type and scrambled it to make a type specimen book. It has survived not only five centuries, but also the leap into electronic typesetting, remaining essentially unchanged. It was popularised in the 1960s with the release of Letraset sheets containing Lorem</p>
]]></content:encoded>
					
					<wfw:commentRss>/index.php/2022/11/24/medicaid-expansion-improves-hypertension-and-diabetes-control/feed/</wfw:commentRss>
			<slash:comments>0</slash:comments>
		
		
			</item>
		<item>
		<title>Apple iMac M1 Review: the all-in-one for almost everyone</title>
		<link>/index.php/2022/11/24/apple-imac-m1-review-the-all-in-one-for-almost-everyone/</link>
					<comments>/index.php/2022/11/24/apple-imac-m1-review-the-all-in-one-for-almost-everyone/#respond</comments>
		
		<dc:creator><![CDATA[admin]]></dc:creator>
		<pubDate>Thu, 24 Nov 2022 11:56:38 +0000</pubDate>
				<category><![CDATA[Lifestyle]]></category>
		<guid isPermaLink="false">https://demo.blazethemes.com/newsmatic-pro-one/?p=22</guid>

					<description><![CDATA[Lorem Ipsum&#160;is simply dummy text of the printing and typesetting industry. Lorem Ipsum has been the industry&#8217;s standard dummy text ever since the 1500s, when an unknown printer took a galley of type and scrambled it to make a type specimen book. It has survived not only five centuries, but also the leap into electronic ... <a title="Apple iMac M1 Review: the all-in-one for almost everyone" class="read-more" href="/index.php/2022/11/24/apple-imac-m1-review-the-all-in-one-for-almost-everyone/" aria-label="More on Apple iMac M1 Review: the all-in-one for almost everyone">Read more</a>]]></description>
										<content:encoded><![CDATA[
<p><strong>Lorem Ipsum</strong>&nbsp;is simply dummy text of the printing and typesetting industry. Lorem Ipsum has been the industry&#8217;s standard dummy text ever since the 1500s, when an unknown printer took a galley of type and scrambled it to make a type specimen book. It has survived not only five centuries, but also the leap into electronic typesetting, remaining essentially unchanged. It was popularised in the 1960s with the release of Letraset sheets containing Lorem</p>
]]></content:encoded>
					
					<wfw:commentRss>/index.php/2022/11/24/apple-imac-m1-review-the-all-in-one-for-almost-everyone/feed/</wfw:commentRss>
			<slash:comments>0</slash:comments>
		
		
			</item>
		<item>
		<title>The environmental costs of fast fashion</title>
		<link>/index.php/2022/11/24/how-fashion-insiders-are-dressing-for-new-york-fashion-week/</link>
					<comments>/index.php/2022/11/24/how-fashion-insiders-are-dressing-for-new-york-fashion-week/#respond</comments>
		
		<dc:creator><![CDATA[admin]]></dc:creator>
		<pubDate>Thu, 24 Nov 2022 11:39:48 +0000</pubDate>
				<category><![CDATA[Fashion]]></category>
		<guid isPermaLink="false">https://demo.blazethemes.com/newsmatic-pro-one/?p=19</guid>

					<description><![CDATA[Lorem Ipsum&#160;is simply dummy text of the printing and typesetting industry. Lorem Ipsum has been the industry&#8217;s standard dummy text ever since the 1500s, when an unknown printer took a galley of type and scrambled it to make a type specimen book. It has survived not only five centuries, but also the leap into electronic ... <a title="The environmental costs of fast fashion" class="read-more" href="/index.php/2022/11/24/how-fashion-insiders-are-dressing-for-new-york-fashion-week/" aria-label="More on The environmental costs of fast fashion">Read more</a>]]></description>
										<content:encoded><![CDATA[
<p><strong>Lorem Ipsum</strong>&nbsp;is simply dummy text of the printing and typesetting industry. Lorem Ipsum has been the industry&#8217;s standard dummy text ever since the 1500s, when an unknown printer took a galley of type and scrambled it to make a type specimen book. It has survived not only five centuries, but also the leap into electronic typesetting, remaining essentially unchanged. It was popularised in the 1960s with the release of Letraset sheets containing Lorem</p>
]]></content:encoded>
					
					<wfw:commentRss>/index.php/2022/11/24/how-fashion-insiders-are-dressing-for-new-york-fashion-week/feed/</wfw:commentRss>
			<slash:comments>0</slash:comments>
		
		
			</item>
	</channel>
</rss>
