<?xml version="1.0" encoding="UTF-8"?><rss version="2.0"
	xmlns:content="http://purl.org/rss/1.0/modules/content/"
	xmlns:wfw="http://wellformedweb.org/CommentAPI/"
	xmlns:dc="http://purl.org/dc/elements/1.1/"
	xmlns:atom="http://www.w3.org/2005/Atom"
	xmlns:sy="http://purl.org/rss/1.0/modules/syndication/"
	xmlns:slash="http://purl.org/rss/1.0/modules/slash/"
	>

<channel>
	<title>Fashion &#8211; Ytc Online Mills</title>
	<atom:link href="/index.php/category/fashion/feed/" rel="self" type="application/rss+xml" />
	<link>/</link>
	<description></description>
	<lastBuildDate>Thu, 24 Nov 2022 12:47:31 +0000</lastBuildDate>
	<language>en-US</language>
	<sy:updatePeriod>
	hourly	</sy:updatePeriod>
	<sy:updateFrequency>
	1	</sy:updateFrequency>
	<generator>https://wordpress.org/?v=6.2.2</generator>

<image>
	<url>/wp-content/uploads/2023/06/ytc-150x100.png</url>
	<title>Fashion &#8211; Ytc Online Mills</title>
	<link>/</link>
	<width>32</width>
	<height>32</height>
</image> 
	<item>
		<title>Best fashion news of November 2022</title>
		<link>/index.php/2022/11/24/ugly-betty-is-still-the-most-binge-worthy-fashion-show-out-there/</link>
					<comments>/index.php/2022/11/24/ugly-betty-is-still-the-most-binge-worthy-fashion-show-out-there/#respond</comments>
		
		<dc:creator><![CDATA[admin]]></dc:creator>
		<pubDate>Thu, 24 Nov 2022 12:47:31 +0000</pubDate>
				<category><![CDATA[Fashion]]></category>
		<guid isPermaLink="false">https://demo.blazethemes.com/newsmatic-pro-one/?p=49</guid>

					<description><![CDATA[Lorem Ipsum&#160;is simply dummy text of the printing and typesetting industry. Lorem Ipsum has been the industry&#8217;s standard dummy text ever since the 1500s, when an unknown printer took a galley of type and scrambled it to make a type specimen book. It has survived not only five centuries, but also the leap into electronic ... <a title="Best fashion news of November 2022" class="read-more" href="/index.php/2022/11/24/ugly-betty-is-still-the-most-binge-worthy-fashion-show-out-there/" aria-label="More on Best fashion news of November 2022">Read more</a>]]></description>
										<content:encoded><![CDATA[
<p><strong>Lorem Ipsum</strong>&nbsp;is simply dummy text of the printing and typesetting industry. Lorem Ipsum has been the industry&#8217;s standard dummy text ever since the 1500s, when an unknown printer took a galley of type and scrambled it to make a type specimen book. It has survived not only five centuries, but also the leap into electronic typesetting, remaining essentially unchanged. It was popularised in the 1960s with the release of Letraset sheets containing Lorem</p>
]]></content:encoded>
					
					<wfw:commentRss>/index.php/2022/11/24/ugly-betty-is-still-the-most-binge-worthy-fashion-show-out-there/feed/</wfw:commentRss>
			<slash:comments>0</slash:comments>
		
		
			</item>
		<item>
		<title>How Not to Be a Character in a ‘Bad Fashion Movie’</title>
		<link>/index.php/2022/11/24/how-not-to-be-a-character-in-a-bad-fashion-movie/</link>
					<comments>/index.php/2022/11/24/how-not-to-be-a-character-in-a-bad-fashion-movie/#respond</comments>
		
		<dc:creator><![CDATA[admin]]></dc:creator>
		<pubDate>Thu, 24 Nov 2022 12:36:24 +0000</pubDate>
				<category><![CDATA[Fashion]]></category>
		<guid isPermaLink="false">https://demo.blazethemes.com/newsmatic-pro-one/?p=40</guid>

					<description><![CDATA[Lorem Ipsum is simply dummy text of the printing and typesetting industry. Lorem Ipsum has been the industry&#8217;s standard dummy text ever since the 1500s, when an unknown printer took a galley of type and scrambled it to make a type specimen book. It has survived not only five centuries, but also the leap into electronic ... <a title="How Not to Be a Character in a ‘Bad Fashion Movie’" class="read-more" href="/index.php/2022/11/24/how-not-to-be-a-character-in-a-bad-fashion-movie/" aria-label="More on How Not to Be a Character in a ‘Bad Fashion Movie’">Read more</a>]]></description>
										<content:encoded><![CDATA[
<p><strong>Lorem Ipsum</strong> is simply dummy text of the printing and typesetting industry. Lorem Ipsum has been the industry&#8217;s standard dummy text ever since the 1500s, when an unknown printer took a galley of type and scrambled it to make a type specimen book. It has survived not only five centuries, but also the leap into electronic typesetting, remaining essentially unchanged. It was popularised in the 1960s with the release of Letraset sheets containing Lorem</p>
]]></content:encoded>
					
					<wfw:commentRss>/index.php/2022/11/24/how-not-to-be-a-character-in-a-bad-fashion-movie/feed/</wfw:commentRss>
			<slash:comments>0</slash:comments>
		
		
			</item>
		<item>
		<title>The environmental costs of fast fashion</title>
		<link>/index.php/2022/11/24/how-fashion-insiders-are-dressing-for-new-york-fashion-week/</link>
					<comments>/index.php/2022/11/24/how-fashion-insiders-are-dressing-for-new-york-fashion-week/#respond</comments>
		
		<dc:creator><![CDATA[admin]]></dc:creator>
		<pubDate>Thu, 24 Nov 2022 11:39:48 +0000</pubDate>
				<category><![CDATA[Fashion]]></category>
		<guid isPermaLink="false">https://demo.blazethemes.com/newsmatic-pro-one/?p=19</guid>

					<description><![CDATA[Lorem Ipsum&#160;is simply dummy text of the printing and typesetting industry. Lorem Ipsum has been the industry&#8217;s standard dummy text ever since the 1500s, when an unknown printer took a galley of type and scrambled it to make a type specimen book. It has survived not only five centuries, but also the leap into electronic ... <a title="The environmental costs of fast fashion" class="read-more" href="/index.php/2022/11/24/how-fashion-insiders-are-dressing-for-new-york-fashion-week/" aria-label="More on The environmental costs of fast fashion">Read more</a>]]></description>
										<content:encoded><![CDATA[
<p><strong>Lorem Ipsum</strong>&nbsp;is simply dummy text of the printing and typesetting industry. Lorem Ipsum has been the industry&#8217;s standard dummy text ever since the 1500s, when an unknown printer took a galley of type and scrambled it to make a type specimen book. It has survived not only five centuries, but also the leap into electronic typesetting, remaining essentially unchanged. It was popularised in the 1960s with the release of Letraset sheets containing Lorem</p>
]]></content:encoded>
					
					<wfw:commentRss>/index.php/2022/11/24/how-fashion-insiders-are-dressing-for-new-york-fashion-week/feed/</wfw:commentRss>
			<slash:comments>0</slash:comments>
		
		
			</item>
	</channel>
</rss>
