<?xml version="1.0" encoding="UTF-8"?><rss version="2.0"
	xmlns:content="http://purl.org/rss/1.0/modules/content/"
	xmlns:wfw="http://wellformedweb.org/CommentAPI/"
	xmlns:dc="http://purl.org/dc/elements/1.1/"
	xmlns:atom="http://www.w3.org/2005/Atom"
	xmlns:sy="http://purl.org/rss/1.0/modules/syndication/"
	xmlns:slash="http://purl.org/rss/1.0/modules/slash/"
	>

<channel>
	<title>Sports &#8211; Ytc Online Mills</title>
	<atom:link href="/index.php/category/sports/feed/" rel="self" type="application/rss+xml" />
	<link>/</link>
	<description></description>
	<lastBuildDate>Thu, 24 Nov 2022 12:42:32 +0000</lastBuildDate>
	<language>en-US</language>
	<sy:updatePeriod>
	hourly	</sy:updatePeriod>
	<sy:updateFrequency>
	1	</sy:updateFrequency>
	<generator>https://wordpress.org/?v=6.2.2</generator>

<image>
	<url>/wp-content/uploads/2023/06/ytc-150x100.png</url>
	<title>Sports &#8211; Ytc Online Mills</title>
	<link>/</link>
	<width>32</width>
	<height>32</height>
</image> 
	<item>
		<title>Ronaldo makes history as Brazil join the party</title>
		<link>/index.php/2022/11/24/manchester-united-co-owner-avram-glazer-confronted-over-cristiano-ronaldo-exit-and-club-sale/</link>
					<comments>/index.php/2022/11/24/manchester-united-co-owner-avram-glazer-confronted-over-cristiano-ronaldo-exit-and-club-sale/#respond</comments>
		
		<dc:creator><![CDATA[admin]]></dc:creator>
		<pubDate>Thu, 24 Nov 2022 12:42:32 +0000</pubDate>
				<category><![CDATA[Sports]]></category>
		<guid isPermaLink="false">https://demo.blazethemes.com/newsmatic-pro-one/?p=46</guid>

					<description><![CDATA[Lorem Ipsum&#160;is simply dummy text of the printing and typesetting industry. Lorem Ipsum has been the industry&#8217;s standard dummy text ever since the 1500s, when an unknown printer took a galley of type and scrambled it to make a type specimen book. It has survived not only five centuries, but also the leap into electronic ... <a title="Ronaldo makes history as Brazil join the party" class="read-more" href="/index.php/2022/11/24/manchester-united-co-owner-avram-glazer-confronted-over-cristiano-ronaldo-exit-and-club-sale/" aria-label="More on Ronaldo makes history as Brazil join the party">Read more</a>]]></description>
										<content:encoded><![CDATA[
<p><strong>Lorem Ipsum</strong>&nbsp;is simply dummy text of the printing and typesetting industry. Lorem Ipsum has been the industry&#8217;s standard dummy text ever since the 1500s, when an unknown printer took a galley of type and scrambled it to make a type specimen book. It has survived not only five centuries, but also the leap into electronic typesetting, remaining essentially unchanged. It was popularised in the 1960s with the release of Letraset sheets containing Lorem</p>
]]></content:encoded>
					
					<wfw:commentRss>/index.php/2022/11/24/manchester-united-co-owner-avram-glazer-confronted-over-cristiano-ronaldo-exit-and-club-sale/feed/</wfw:commentRss>
			<slash:comments>0</slash:comments>
		
		
			</item>
		<item>
		<title>Qatar World Cup Faces New Edict: Hide the Beer</title>
		<link>/index.php/2022/11/24/japan-fans-win-praise-for-stadium-cleaning-at-world-cup-2022/</link>
					<comments>/index.php/2022/11/24/japan-fans-win-praise-for-stadium-cleaning-at-world-cup-2022/#respond</comments>
		
		<dc:creator><![CDATA[admin]]></dc:creator>
		<pubDate>Thu, 24 Nov 2022 08:26:57 +0000</pubDate>
				<category><![CDATA[Sports]]></category>
		<guid isPermaLink="false">https://demo.blazethemes.com/newsmatic-pro-one/?p=11</guid>

					<description><![CDATA[Lorem Ipsum&#160;is simply dummy text of the printing and typesetting industry. Lorem Ipsum has been the industry&#8217;s standard dummy text ever since the 1500s, when an unknown printer took a galley of type and scrambled it to make a type specimen book. It has survived not only five centuries, but also the leap into electronic ... <a title="Qatar World Cup Faces New Edict: Hide the Beer" class="read-more" href="/index.php/2022/11/24/japan-fans-win-praise-for-stadium-cleaning-at-world-cup-2022/" aria-label="More on Qatar World Cup Faces New Edict: Hide the Beer">Read more</a>]]></description>
										<content:encoded><![CDATA[
<p><strong>Lorem Ipsum</strong>&nbsp;is simply dummy text of the printing and typesetting industry. Lorem Ipsum has been the industry&#8217;s standard dummy text ever since the 1500s, when an unknown printer took a galley of type and scrambled it to make a type specimen book. It has survived not only five centuries, but also the leap into electronic typesetting, remaining essentially unchanged. It was popularised in the 1960s with the release of Letraset sheets containing Lorem</p>
]]></content:encoded>
					
					<wfw:commentRss>/index.php/2022/11/24/japan-fans-win-praise-for-stadium-cleaning-at-world-cup-2022/feed/</wfw:commentRss>
			<slash:comments>0</slash:comments>
		
		
			</item>
	</channel>
</rss>
