<?xml version="1.0" encoding="UTF-8"?><rss version="2.0"
	xmlns:content="http://purl.org/rss/1.0/modules/content/"
	xmlns:wfw="http://wellformedweb.org/CommentAPI/"
	xmlns:dc="http://purl.org/dc/elements/1.1/"
	xmlns:atom="http://www.w3.org/2005/Atom"
	xmlns:sy="http://purl.org/rss/1.0/modules/syndication/"
	xmlns:slash="http://purl.org/rss/1.0/modules/slash/"
	>

<channel>
	<title>Lifestyle &#8211; Ytc Online Mills</title>
	<atom:link href="/index.php/category/lifestyle/feed/" rel="self" type="application/rss+xml" />
	<link>/</link>
	<description></description>
	<lastBuildDate>Thu, 24 Nov 2022 12:31:09 +0000</lastBuildDate>
	<language>en-US</language>
	<sy:updatePeriod>
	hourly	</sy:updatePeriod>
	<sy:updateFrequency>
	1	</sy:updateFrequency>
	<generator>https://wordpress.org/?v=6.2.2</generator>

<image>
	<url>/wp-content/uploads/2023/06/ytc-150x100.png</url>
	<title>Lifestyle &#8211; Ytc Online Mills</title>
	<link>/</link>
	<width>32</width>
	<height>32</height>
</image> 
	<item>
		<title>How Sugar and Sedentary Lifestyle Affects Men</title>
		<link>/index.php/2022/11/24/all-the-lifestyle-wellbeing-products-we-tried-loved-in-november/</link>
					<comments>/index.php/2022/11/24/all-the-lifestyle-wellbeing-products-we-tried-loved-in-november/#respond</comments>
		
		<dc:creator><![CDATA[admin]]></dc:creator>
		<pubDate>Thu, 24 Nov 2022 12:31:09 +0000</pubDate>
				<category><![CDATA[Lifestyle]]></category>
		<guid isPermaLink="false">https://demo.blazethemes.com/newsmatic-pro-one/?p=37</guid>

					<description><![CDATA[Lorem Ipsum&#160;is simply dummy text of the printing and typesetting industry. Lorem Ipsum has been the industry&#8217;s standard dummy text ever since the 1500s, when an unknown printer took a galley of type and scrambled it to make a type specimen book. It has survived not only five centuries, but also the leap into electronic ... <a title="How Sugar and Sedentary Lifestyle Affects Men" class="read-more" href="/index.php/2022/11/24/all-the-lifestyle-wellbeing-products-we-tried-loved-in-november/" aria-label="More on How Sugar and Sedentary Lifestyle Affects Men">Read more</a>]]></description>
										<content:encoded><![CDATA[
<p><strong>Lorem Ipsum</strong>&nbsp;is simply dummy text of the printing and typesetting industry. Lorem Ipsum has been the industry&#8217;s standard dummy text ever since the 1500s, when an unknown printer took a galley of type and scrambled it to make a type specimen book. It has survived not only five centuries, but also the leap into electronic typesetting, remaining essentially unchanged. It was popularised in the 1960s with the release of Letraset sheets containing Lorem</p>
]]></content:encoded>
					
					<wfw:commentRss>/index.php/2022/11/24/all-the-lifestyle-wellbeing-products-we-tried-loved-in-november/feed/</wfw:commentRss>
			<slash:comments>0</slash:comments>
		
		
			</item>
		<item>
		<title>Apple iMac M1 Review: the all-in-one for almost everyone</title>
		<link>/index.php/2022/11/24/apple-imac-m1-review-the-all-in-one-for-almost-everyone/</link>
					<comments>/index.php/2022/11/24/apple-imac-m1-review-the-all-in-one-for-almost-everyone/#respond</comments>
		
		<dc:creator><![CDATA[admin]]></dc:creator>
		<pubDate>Thu, 24 Nov 2022 11:56:38 +0000</pubDate>
				<category><![CDATA[Lifestyle]]></category>
		<guid isPermaLink="false">https://demo.blazethemes.com/newsmatic-pro-one/?p=22</guid>

					<description><![CDATA[Lorem Ipsum&#160;is simply dummy text of the printing and typesetting industry. Lorem Ipsum has been the industry&#8217;s standard dummy text ever since the 1500s, when an unknown printer took a galley of type and scrambled it to make a type specimen book. It has survived not only five centuries, but also the leap into electronic ... <a title="Apple iMac M1 Review: the all-in-one for almost everyone" class="read-more" href="/index.php/2022/11/24/apple-imac-m1-review-the-all-in-one-for-almost-everyone/" aria-label="More on Apple iMac M1 Review: the all-in-one for almost everyone">Read more</a>]]></description>
										<content:encoded><![CDATA[
<p><strong>Lorem Ipsum</strong>&nbsp;is simply dummy text of the printing and typesetting industry. Lorem Ipsum has been the industry&#8217;s standard dummy text ever since the 1500s, when an unknown printer took a galley of type and scrambled it to make a type specimen book. It has survived not only five centuries, but also the leap into electronic typesetting, remaining essentially unchanged. It was popularised in the 1960s with the release of Letraset sheets containing Lorem</p>
]]></content:encoded>
					
					<wfw:commentRss>/index.php/2022/11/24/apple-imac-m1-review-the-all-in-one-for-almost-everyone/feed/</wfw:commentRss>
			<slash:comments>0</slash:comments>
		
		
			</item>
		<item>
		<title>Businesses need community support to stay afloat</title>
		<link>/index.php/2022/11/24/business-as-usual-is-a-dream-during-monsoon-say-street-vendors/</link>
					<comments>/index.php/2022/11/24/business-as-usual-is-a-dream-during-monsoon-say-street-vendors/#respond</comments>
		
		<dc:creator><![CDATA[admin]]></dc:creator>
		<pubDate>Thu, 24 Nov 2022 08:12:20 +0000</pubDate>
				<category><![CDATA[Lifestyle]]></category>
		<guid isPermaLink="false">https://demo.blazethemes.com/newsmatic-pro-one/?p=8</guid>

					<description><![CDATA[Lorem Ipsum&#160;is simply dummy text of the printing and typesetting industry. Lorem Ipsum has been the industry&#8217;s standard dummy text ever since the 1500s, when an unknown printer took a galley of type and scrambled it to make a type specimen book. It has survived not only five centuries, but also the leap into electronic ... <a title="Businesses need community support to stay afloat" class="read-more" href="/index.php/2022/11/24/business-as-usual-is-a-dream-during-monsoon-say-street-vendors/" aria-label="More on Businesses need community support to stay afloat">Read more</a>]]></description>
										<content:encoded><![CDATA[
<p><strong>Lorem Ipsum</strong>&nbsp;is simply dummy text of the printing and typesetting industry. Lorem Ipsum has been the industry&#8217;s standard dummy text ever since the 1500s, when an unknown printer took a galley of type and scrambled it to make a type specimen book. It has survived not only five centuries, but also the leap into electronic typesetting, remaining essentially unchanged. It was popularised in the 1960s with the release of Letraset sheets containing Lorem</p>
]]></content:encoded>
					
					<wfw:commentRss>/index.php/2022/11/24/business-as-usual-is-a-dream-during-monsoon-say-street-vendors/feed/</wfw:commentRss>
			<slash:comments>0</slash:comments>
		
		
			</item>
	</channel>
</rss>
