<?xml version="1.0" encoding="UTF-8"?><rss version="2.0"
	xmlns:content="http://purl.org/rss/1.0/modules/content/"
	xmlns:wfw="http://wellformedweb.org/CommentAPI/"
	xmlns:dc="http://purl.org/dc/elements/1.1/"
	xmlns:atom="http://www.w3.org/2005/Atom"
	xmlns:sy="http://purl.org/rss/1.0/modules/syndication/"
	xmlns:slash="http://purl.org/rss/1.0/modules/slash/"
	>

<channel>
	<title>Health &#8211; Ytc Online Mills</title>
	<atom:link href="/index.php/category/health/feed/" rel="self" type="application/rss+xml" />
	<link>/</link>
	<description></description>
	<lastBuildDate>Thu, 24 Nov 2022 12:26:53 +0000</lastBuildDate>
	<language>en-US</language>
	<sy:updatePeriod>
	hourly	</sy:updatePeriod>
	<sy:updateFrequency>
	1	</sy:updateFrequency>
	<generator>https://wordpress.org/?v=6.2.2</generator>

<image>
	<url>/wp-content/uploads/2023/06/ytc-150x100.png</url>
	<title>Health &#8211; Ytc Online Mills</title>
	<link>/</link>
	<width>32</width>
	<height>32</height>
</image> 
	<item>
		<title>Simple lifestyle changes that will help reduce stress</title>
		<link>/index.php/2022/11/24/simple-lifestyle-changes-that-will-help-reduce-stress-naturally/</link>
					<comments>/index.php/2022/11/24/simple-lifestyle-changes-that-will-help-reduce-stress-naturally/#respond</comments>
		
		<dc:creator><![CDATA[admin]]></dc:creator>
		<pubDate>Thu, 24 Nov 2022 12:26:53 +0000</pubDate>
				<category><![CDATA[Health]]></category>
		<guid isPermaLink="false">https://demo.blazethemes.com/newsmatic-pro-one/?p=34</guid>

					<description><![CDATA[Lorem Ipsum&#160;is simply dummy text of the printing and typesetting industry. Lorem Ipsum has been the industry&#8217;s standard dummy text ever since the 1500s, when an unknown printer took a galley of type and scrambled it to make a type specimen book. It has survived not only five centuries, but also the leap into electronic ... <a title="Simple lifestyle changes that will help reduce stress" class="read-more" href="/index.php/2022/11/24/simple-lifestyle-changes-that-will-help-reduce-stress-naturally/" aria-label="More on Simple lifestyle changes that will help reduce stress">Read more</a>]]></description>
										<content:encoded><![CDATA[
<p><strong>Lorem Ipsum</strong>&nbsp;is simply dummy text of the printing and typesetting industry. Lorem Ipsum has been the industry&#8217;s standard dummy text ever since the 1500s, when an unknown printer took a galley of type and scrambled it to make a type specimen book. It has survived not only five centuries, but also the leap into electronic typesetting, remaining essentially unchanged. It was popularised in the 1960s with the release of Letraset sheets containing Lorem</p>
]]></content:encoded>
					
					<wfw:commentRss>/index.php/2022/11/24/simple-lifestyle-changes-that-will-help-reduce-stress-naturally/feed/</wfw:commentRss>
			<slash:comments>0</slash:comments>
		
		
			</item>
		<item>
		<title>Why daily exposure to sunlight is good for your health</title>
		<link>/index.php/2022/11/24/why-daily-exposure-to-sunlight-is-good-for-your-health/</link>
					<comments>/index.php/2022/11/24/why-daily-exposure-to-sunlight-is-good-for-your-health/#respond</comments>
		
		<dc:creator><![CDATA[admin]]></dc:creator>
		<pubDate>Thu, 24 Nov 2022 12:13:40 +0000</pubDate>
				<category><![CDATA[Health]]></category>
		<guid isPermaLink="false">https://demo.blazethemes.com/newsmatic-pro-one/?p=31</guid>

					<description><![CDATA[Lorem Ipsum is simply dummy text of the printing and typesetting industry. Lorem Ipsum has been the industry&#8217;s standard dummy text ever since the 1500s, when an unknown printer took a galley of type and scrambled it to make a type specimen book. It has survived not only five centuries, but also the leap into electronic ... <a title="Why daily exposure to sunlight is good for your health" class="read-more" href="/index.php/2022/11/24/why-daily-exposure-to-sunlight-is-good-for-your-health/" aria-label="More on Why daily exposure to sunlight is good for your health">Read more</a>]]></description>
										<content:encoded><![CDATA[
<p><strong>Lorem Ipsum</strong> is simply dummy text of the printing and typesetting industry. Lorem Ipsum has been the industry&#8217;s standard dummy text ever since the 1500s, when an unknown printer took a galley of type and scrambled it to make a type specimen book. It has survived not only five centuries, but also the leap into electronic typesetting, remaining essentially unchanged. It was popularised in the 1960s with the release of Letraset sheets containing Lorem</p>
]]></content:encoded>
					
					<wfw:commentRss>/index.php/2022/11/24/why-daily-exposure-to-sunlight-is-good-for-your-health/feed/</wfw:commentRss>
			<slash:comments>0</slash:comments>
		
		
			</item>
		<item>
		<title>WHO warns of oral disease: Top health stories this week</title>
		<link>/index.php/2022/11/24/medicaid-expansion-improves-hypertension-and-diabetes-control/</link>
					<comments>/index.php/2022/11/24/medicaid-expansion-improves-hypertension-and-diabetes-control/#respond</comments>
		
		<dc:creator><![CDATA[admin]]></dc:creator>
		<pubDate>Thu, 24 Nov 2022 12:10:59 +0000</pubDate>
				<category><![CDATA[Health]]></category>
		<guid isPermaLink="false">https://demo.blazethemes.com/newsmatic-pro-one/?p=28</guid>

					<description><![CDATA[Lorem Ipsum&#160;is simply dummy text of the printing and typesetting industry. Lorem Ipsum has been the industry&#8217;s standard dummy text ever since the 1500s, when an unknown printer took a galley of type and scrambled it to make a type specimen book. It has survived not only five centuries, but also the leap into electronic ... <a title="WHO warns of oral disease: Top health stories this week" class="read-more" href="/index.php/2022/11/24/medicaid-expansion-improves-hypertension-and-diabetes-control/" aria-label="More on WHO warns of oral disease: Top health stories this week">Read more</a>]]></description>
										<content:encoded><![CDATA[
<p><strong>Lorem Ipsum</strong>&nbsp;is simply dummy text of the printing and typesetting industry. Lorem Ipsum has been the industry&#8217;s standard dummy text ever since the 1500s, when an unknown printer took a galley of type and scrambled it to make a type specimen book. It has survived not only five centuries, but also the leap into electronic typesetting, remaining essentially unchanged. It was popularised in the 1960s with the release of Letraset sheets containing Lorem</p>
]]></content:encoded>
					
					<wfw:commentRss>/index.php/2022/11/24/medicaid-expansion-improves-hypertension-and-diabetes-control/feed/</wfw:commentRss>
			<slash:comments>0</slash:comments>
		
		
			</item>
	</channel>
</rss>
